,x,y
0,0xe7c7acbaee750525fa15c20efe8a2264f2155581,0xdc850d6f5e477a63fe66947860e0d67ce7cef2fa
1,0x391ef2acbf60cc4d44bd8cc5389c20b1a9cda4d5,0x78894748c02d5a39ca8f229298f65511c8c7df57
2,0x63b655276c4e2b322dc29df6f4dd5735981ebe95,0x3c31c574f23fdc8ecba0614a055c2155f4e5ab46
3,0xb18e9f2e48e2fb72618bc7feb4c986da276432c5,0x9628be77fb3dcd890fd93a5d039092fca855d3cc
4,0x7e09e0afd672caa6d8945840c64fa855267e66e6,0xba1da0a3fb6a94583f802dd533d9de23ccb4b798
5,0x7543ffb98a0c2a25e5f938397e63a0b97ceeefd8,0x48a7f73944073833e5773346d94b31a6a21c7a0c
6,0xa6011739f9828c0503ffca51246f815fa188a51d,0x294e0a2dcd37bc95240016f5cb68864501bd9ff7
7,0x3a2513fe1f7526cd5b71405b8ab5104be6ac6b6d,0x44bf09b80178ecc39c6d46b6a61c07ef73e0cc30
8,0x4c632cf578751b2334b8d91f9328971526c33956,0x52964bd68aca2c967d9ee6f0224dd7101d9b5765
9,0xd40b679bae9e8d6d84bd77d315196b2b195e2aa2,0x3b975abde09b4d17c15cffdc80a474daca2f940d
10,0xb20a3309f48202a8994295d00afae1b32fdaf524,0x8a9a4eaabdeb3fdb8583be768d300d12a4eac81a
11,0x1e9f857a0e65e213649b79bd33907f8273b24bd4,0xe0a47134a8e19d2714744f06d72efb03f09becde
12,0xe08524c9b0f9892d57f120bf72358a04d38ad66c,0xbada35f76453fe45025764cfa7c6c2820c61dbf2
13,0x5f631b027b00e96589f3982a3cf1e1504b527e27,0x854e698a78e8346c441695bb9eff164757803474
14,0xc5cc8869912edbc1ceecc65daee2bd56b8835859,0x7d23f69f7c2beea93001af16a09fe05ad4243ea0
15,0x75a49de74ad5e136bc1222e85746fc280fc411f0,0xa81d4650d10b19b2512948056c034f77b4a0d76c
16,0x2816adab04e39e2a9baa0b7a4354fe2c6a32e5db,0xddafca573e525c499853d2d0d5ea8580d19843c3
17,0x312c09365a2b2471e12c9c051ce1144b644bbc02,0xd33ff91efcc1324266851eadfaf227d0846da21f
18,0x4ba59b10c0311c99e1c6e822d52e921d274ca7ad,0x5b6586511cc7809ab5cfd94de145902df6b279c4
19,0x2aee1ea25d8098bebdddbb442798502143762b61,0xcb68dc56f0deded9088d524e790c65e7165bd041
20,0x35671e49975613d0112e49528ca9489c0e6d3192,0x1a3763dbe16c14576614f0688b3a19ea449bff28
21,0x08e6b7b35d6b146087fe8e93f520ac46a586782f,0xaf9e50c42b568f668b5a3b2573c7098e5460d174
22,0x561fa6729e91dead8aa0a2ab6d1d9983bac6d05d,0x221d559d46709f9a7284df843fb42c0f6c4d1253
23,0xc8927e4318c0c48ba18d8ba08fc38f26c2d3b6e8,0xb30312a0b1937c3c28312a30390a28de770bae48
24,0x83504273d89b678c31af378c07e3af44e71ffcbe,0x48071b4846562874ae9b92644b45719659f7bb3b
25,0x4f4c261fc1a357187aa6cef9d2634a508949a562,0x6f385eb8615a5b9076b6cbbec329b5bc83d4c205
26,0x9f2cddc98f269b5c1a97ecf01397a8fcd9954f23,0x30fe825dc9628055a37f99a13377911b0ff28e56
27,0x7db39b11fa45fdd7e478c457a8c9e62772094a1b,0x423a8630a42947acdff3ed420078537fcea28256
28,0xf096a5c755209dacab3f6430f4e85b38764fbf58,0x46f713db2a3625800f57eb11d382faf97705c0df
29,0x7c8219f26a7c491fb00b5a28888d46dcf56d91fd,0x0b7f8d95a2deba852ebe3f3356cdcc026c72712b
30,0x707fecffe09f8829199dc985760e86857c26d6f9,0xb70881a9eccbf2a1beff1e1732b9ef534bafc1d3
31,0x5ef7b011f35abcca6582d1f01bc8eabec9cddbde,0x57f7defe70c051c385494221a0a8a5ff10e78af5
32,0xddb8fbea366281a9323ac01e109b684e067524cc,0x28854a72fa42b43a2d29645f9ee54fc55cbd5785
33,0xfa5c6e2713ffeb3b816b4ad2b920b666df85a3a6,0xbcb1ebd99f0756282e17d798804bb033ffdc9a4f
34,0x708b149bfa0a3da8b63c76e2203b197074158028,0x10dbe75159161fd2861cfc35683150e2022a4e4b
35,0xdcc6f8543086f53740e9f4a75ba10065e6eb1e00,0x63b166b2735b4754074b32b8e4fddb955b2dd692
36,0x77f5f0b81cededfd9274aa4821061ab95a5cf90d,0xcf7dbf555a52a058d7963486fb10be075c2af739
37,0xac0b0239e3c97b447344bc6a074a273eac8065bd,0x14f9434e6bd0910edbf17ce201b7eb3cf1130a40
38,0x8e0d8f0114fc12842e31a84deffebd6768ccab79,0x9af28e7d80151449f1cb84f87ef9f5b7a8505628
39,0xc72d4ad00e3e0c482ffbddbbaa5ba4140535d363,0x20f5d1e3befd4f5887faef80deaf9d7d2f4c19d4
40,0xfc9e41580f4d99cf1c243be3017be193bae27613,0xf22de3cf2a2ecb5119a6e3bf8836cfa8de31269c
41,0x2342ec603e756635fc7b517f669021a4cb903c4e,0xb4a3c2debfc033ee3399ad6adf0b4fc74db92baa
42,0x1501925f23403c6231824304f4658ce47d18a718,0x9908e05842d8b8ef84692a64eb01f389ac8b7f0d
43,0xb900f9d1807edc916129d15d1025e1f779ff8c91,0x2cd6389d2ac3d7b3b8f565be871c19e8173c5dbb
44,0xb50864c742a88d32047fe1e9f99d1c2ea4603797,0x5b3958ec1fd3fdce2283dfd79dbbdce0f82fd740
45,0x65165a525b6a7a0bdeab6c383777afb5bdda62be,0x5732944e6dbc17339de86dceb262546729b166ab
46,0x95f217683ece1f9c2d5c4874452c78f23f65f029,0xa226975ee54b7ab070edeb906581d02d55bb8110
47,0x7f383a0d17963e19be5faa9833b9411699fbacf7,0xa28de403dacb56b56b076757bab0d600665b1aac
48,0xab4c8346de12fc1d0999ca2b3f32562fce2664fc,0xa5f112d73a91d59b1a165bcd8e4b6df534f13e7f
49,0x62e74f1ddf181247ea547126099f808cf8bc6460,0xfc35809fc069c5d079875ff0df111428e5df96f4
50,0xf1d47c74db59807a1234bac80bdb4b30c0677d0a,0x6be69e6553649c70cf8de22138f14fd2de2e499e
51,0xddf6e6ca2a51dd7367c11d4db2951416fcc08bbf,0x06a636d56b04bffe4e3997a0162c5b31c7a49053
52,0xedd7b2abf9eb1ea74e402fa1f6df70e275e92e87,0x257ac3ed7575440ac4310c49859e0d7ab2db60f0
53,0xfe2d1cdb3c0fb9b498150e9b524473e1e04da15c,0x7021257c29e5c600757c93838f0f2ba99815c54c
54,0x01edf3e29f7e9beceadeae6c73b9c52bc85f6573,0x0694325b84430a7ab6e52acde646115d82f9eecc
55,0x1ff2e83178f70bc5711efd2591f395fa6d8a37a5,0x2091a318fb41a80277a89675ebb9219fcaf40a78
56,0xf74f0c1bab562ada6b852291cfa728cc32fb2cbe,0x386a7b378f9397b34c6e4179f9e442da523a5186
57,0x826f33473d2d788b9a591090d30abb788b9b231e,0xa040bcf17bb11b3d4692f4a6638103ba116f84d9
58,0xe7d3d42a21c3fa12fbcf0fe40069d49a165fb1ed,0x935a2465385cca077775fc9b1e82ec1abb8d37f3
59,0xd7b93f2fb62469fb104fe87cdce2d037cade2ca8,0xecd7714dc903e6c82fb921e0126708cb6ded61b3
60,0x1ad38d2d1ad179c49625c5b361a3fde683e606bb,0xa470269e00cbcdf994a954624a122c16f8106c83
61,0x70342f65fe04c5d93cfd41675c260f19e6909ffb,0xd14584c1d91ac6d27d12497bfb36060509e77777
62,0x7dbc85c246e00866039e5a6d948e95d7d6da9a11,0xdd78c4ad75c10c1009fdc65f1756bee78c8af43e
63,0x4d61786053ec0fbae44a24c6b9d48f95eeb7fade,0x1e6e5531096af1332dcc66c51659c149224901d7
64,0x346ae19f13dda32ba8f51bf81bebab17e81d7c51,0x37ef0af15b599e1957c640be8716a21cb862697e
65,0x3f6f7af28618381747c965aac0a83051f7189cec,0x51d74048ff34f642ba12735d6c97c689aaff563e
66,0x974ea5fec2e58e7fdb6afdabffc78e9b06065e6d,0xbe16938f5c9cd96ea5f3806a7cd60e74ca7a614e
67,0xa1cbca3792180b85a4267eed4ad3de1e0feb8101,0x5597bab5df774023affd95f069fa3e4ba69dc7da
68,0x63a6575562bdc27b3091373f05d4a492876526a0,0x402acf3e1b95132488eed5173f6ffb2658601ca3
69,0xc2b2280726dc9934caceda36981aed0299376d0e,0xc9ac1b3c8cf84c9e22ca0f05b8f771f0b640e0ca
70,0x90551a9896a4ee746c51ac6c315377903b42966f,0x9218731c6b7044c18a5c0d8f2663160779c8ba2a
71,0x0e7a9ff943e42b27bd09d54a601fbdcb4ce6aeab,0xb5afc79a5bdbb0c7499d0351340725e5004b6f9e
72,0x68579df3e8ec63ac2e247d55c9600b18891d0640,0x5a33f19bd6afff76b0e8f77035945e5b5fea207f
73,0xefd7eeea1756fc17d6856a07d7024b4e68aad432,0x40110a7450fe0e02a2a307fe79f2e09b8f6a92af
74,0xe9bc1e5a30a412ce1a5dbfce6424fa30b1b20c87,0x29ea842fe5022f47c5751ab6a7900aaaa3755e03
75,0x674e6c3c3bf9b56d9e3b1c1fea532f7dbcc916be,0x14979db16089e695ee22f4a3e185983ae0378dda
76,0x505bb60957a574fefb4ffe86cf8a20fd63627b5c,0xdfc620c1ff43ec56faf7ba307e5caa63a74e5143
77,0xfc418f0855890eaaa3c760ed41e68d625f3cc9f4,0x8c43dc95eb408e263d80a8b2ba0b7903e02be963
78,0xb562d6ea84c61a2434abf4e948e42237540fe976,0x5da43dbe25f121b854e4f0480d3b005d1fabd540
79,0x3c306be12296de898241dbe48c9568aaebd5fa33,0x62e746e759d27b5f2302a42e7d70ec09bead1b4b
80,0x7b17a8b8a3aaf237f5b899b5e12739f00ff8c08d,0x7a549e5f2a32f00f35bae698d7ffb58d21b41bab
81,0x994fe1689363dc5490b477e43c63a9a5817ec252,0x86e6426589bd4eaee3c5f237fbd47fb40f937a17
82,0x7f385044262884d153d6ebe005b3841af1fe8713,0x1a64f425be45f4937bac21428686f71a83634ea7
83,0x7faed3d1aaec9485a7bae68b9cb29b3d751ed2bb,0xad09d6054ffe2ba23f8295695df855b820dc8e86
84,0xd6a966f37d58d3818e9688337d68e027d50d24d1,0x0c6e23b0cb91ccf2e60b30be1732dcf45be91457
85,0xc74da75401e2fabd4047d58c2956b9b326c26190,0x3959029f9e534e1b5f8d3e09e0f30596acfb0d69
86,0x72633f808537e7df612b750a5157aced7cdc7dea,0xdb4feb9321ef9b824525760047a05f7a178418fb
87,0xf08293a0dd66bedd7210400b61b6892be57c713f,0x8b257bfa37eed6d6576baa88af1c6592b0310f64
88,0x728a354f4018cb5b0cfb05c1b7f5f0a03e15455d,0x8019ec4f7bec5ced545cbf439e9b83a846481467
89,0xaff1561347190552428fee93dbddf779af808713,0xf84070025d6217c80d9730b48e3536f9adfc66b0
90,0x83e4a2961682305e78bf653b0bb991b142615c23,0x3a941f04214d01f3f7ce030884b7ba37a4f0a919
91,0x0ff3cd4de46415d55da88da9264c70ab6a690768,0x69006c39f9325b018c011a5c551104d7c221758c
92,0x64db887e633089b66ba22e972d888d9f0be99d2f,0xcdc96b39aa52f6ed2968e574124b08d30af565ba
93,0xe7ab9927e9757ffb2be88af4aee56791ced586c7,0xb1fb026880a611f7618ee97b6347489a05e82d1b
94,0x074f63e56121382a109a35ee84278cf1d84b803b,0x2b314731764d79f444b7b53343d5a92ab383cf13
95,0x2ea976477b674f50e1d9d7b8bf49ec57aaa3114e,0xa5237106bc787f17f5d80162113ddcad8e1acdcf
96,0x6ff5b7755c35ea0eaaeea83df01fa831ff2d7137,0xee45818fde9030a118919d5b8e026573bd9e8048
97,0x9910b025191754136713310f8434f06becbce51d,0xcbd729f79585b47635dc7cc1f78fc6d70b4744d3
98,0xd0445530d97190e5d5bae3703db71234b84c2ee6,0xd0252c4fdf08e270dc74f077e148ced471e05269
99,0x123476efddc18d98d41df37a323e373a9cefdf31,0x58f969b30734e5a5f8074f0b7bf7e4e4eca82787
100,0xa3bc54e267d21feac1725f6148d9eba21989f2b1,0xd4d6eb06a1386082aa246e7e6592994eceb221ef
101,0xea5541f0d2b12f0eb1661df8834f3adf92196d53,0x7cf7d13fb9f485ca8acc1d8bf444ba4152b19894
102,0xca349355bc2bb77214b9cc16d51077a1f42853dc,0xe3ee6966355c634ccf6d9e4b6c237bf4df416970
103,0x3e5a566594f871613bde408ef8bf55d4d98cc7db,0x1feae0bdd95db12b34a204df7d6303a8366a52ac
104,0x513a4d6feb66e89ba4b64055893f7e21d39eeb19,0x4a39498cd262fabe72f2150d8cc274174bf854e1
105,0xec62153f6b21ddbc2b987b8434ffdbe0d6991fb5,0x4d181f17828976399628565b47f16ba05b5c13d5
106,0xe47be00f9f2f35e38382797608eb388eb6a8548b,0x93036e5d39de19d433bdb96ff6548d475398a64a
107,0xf02964f98e7aac511f619155d953d161b8426585,0x15c2c84f5c4e38624e6698423bf16751a6a6a487
108,0x79df7a0da85d83da439c9bb0203d8877769817f8,0x6442ed501d7cc78ea3f66f7e71a500117b9a9da9
109,0x721c7fffe9ac426a028e616677811f755fa99eba,0x5ad7c70ac635b38d1ff1ebd5320374d6182444b0
110,0x1339bcd64507b8777c17f1aa06cbafd3370e0684,0xe24ac3cedfe441c84d2f5a5cb8e6f13473bbb646
111,0x0654cdfdcbe99b387c1bc934f7d2581d0223b865,0xe71a33ae2ec7459eab41c3dbfe98ada358484cb4
112,0x618d3d041b79466541a04dc7672cb81da4c246c7,0x7667d7a8e0ff4febc93b040ed5e5a03df54b098f
113,0x6fd73e0ed047d015db7c01669df1c3ceb56a01e4,0x836d58ce213c62b4a24e96c5f6704d61cd84f0e2
114,0x2e195c60b6c8646eacb38c6dcc86718893c91d1b,0x5353ba13cf0f3c92b706662d9eadf6663e70e3a2
115,0xae9b03f25211e098056155c8e616b059ba2c0cdc,0xd18aec4ef9d692b5a45418fced78908de3afcbf1
116,0x45d876d707af8b7ae4dda40c86ca5b8e9ce50616,0xab50d5382864cee06a764cb5ef4909fb37772423
117,0xb95f0fbc656759191d6df1cd958b14d3b947dd9b,0x98c2abbda1664b9331c495a56029fbf25d53e083
118,0xe6753fc44a2054dd5299fe5d9894b9f9529fc49e,0x454cbc6bd2eebad879aac8656c8096c839c7c39b
119,0x4b66d7eb52bd195308f09e53f984fd98edcbc62a,0x05e093ebdfc687642e2315ce189dce2f45ac3096
120,0x2910d78f42553929f394db203e408e87d1200f02,0xb797086b9ca5277de0c2752797fad91ed78a0994
121,0x119e5320ac8170095396ded04d82ec0b51c38818,0xf9c72c025e2bd1103c5884210d9cfa38158635f6
122,0x25438a6e53f2de0bcc0687fff6319b812737470d,0xa9daf93c4d802d5b23dfdb0c0df73f99791bd80d
123,0xf1bc8ac324c20a6bb3ab84d405f33d06e0e7dc3d,0xb20960b85fcf1890241733e9b8c71eeb7a175d4e
124,0x389e97280e5256c13cf09b51043f3a823bd409b7,0x0f0babf2f5734eeef86cb9ed3aa0ce0001d2e785
125,0x5e1b5e5fc0adb0c22cda66107ae4d8f943df1487,0x008e2d6b1258454d78ccb5569631e3bdab93ea85
126,0xc3a42bd2ed54e753da90308646b8e545ce94291a,0x75a7d886071d595f88543f2d153ab3f9fa04a45d
127,0x87302f18cbb0e550134c764ff18631b7dc0ae5c6,0x9385411f620e87c8548917ad4d93ecd139733b1e
128,0x7eb76e87ad77fd831b39f5fa8bd430e1fa400a1d,0x39f7247800feba730f96f613f643851e909b0aef
129,0x2bbcd5bc2692b66eee549a0f09a389bd211e97e2,0xf68c12e5c55550eb85b5a7f1f16d6dfa3fe92056
130,0xf139014b8f149d3a29eef9fd1ad32d3f868a3ded,0x08c5d07aa3294b1de8a17f28173f18ddfd7ea595
131,0x15cac889a112a7df34a7b0ac7138c3896a5f1ab9,0xfadd67e4c911fa8d6651266d0f59646ce891fe47
132,0x2131863ef943eb35537357e505ab7cecca01f283,0xefd0363a43ce4fbc0049ff7a1e69a445959624dd
133,0x4b6de3185ce0de8651adcda4cdecd79a9560b4c5,0xe1a8f5c72175c9d201f7c7521c2cdcc48d8c2bfa
134,0x8fd8a3737f693f3dba65ddf0f28d62f251522acb,0x19aaebdef05c91d1da79b0c55888b55f66976b2f
135,0x90959faf5f7c7d3f15b7a37007eaf2fce8e4f1e9,0x9cbcc97af48f5c9f50deb517d2f3e6598ac8310f
136,0x2f5d6b6ae3f6ea4561d5d8187fe105dd2cedf24e,0xd29508c99ab0160f653f257dbaca482a49f1c7ed
137,0x629e72f41e425c0a3d9c2c1e903be50e43e9a6fb,0x39ec25c92ee91cae3775db9ccd50df1fa108d066
138,0x45ce99777b9ae2e83767e368ced1f0a1ad6e3e0e,0xa7c72f4419a2c709167cc83f3e2d54607c695ca2
139,0xd4805a23beb2fca7733594593c0022d1551d7a1c,0x4e73972f741976bd05e990092cb33ae927c76148
140,0xf19bb46380315a4b12895344cf42287842ceb483,0x7bb461ddcc13d14e5193ea4d2854b4015ef0df6e
141,0x17ccd213d7842800b18704534bbd3b4db49a6ecb,0x9a436332740abed511943f879153de79fc976a37
142,0xbabc8d0ac2894bddd21b4b9b678fd7bed707657c,0x48c75dc420d13185c682e0da8020ac37481b276a
143,0xe26cf3761c5e1ec2b30552763968b1626df567c5,0xd699ebbf2bdbfeef07ac6ff69fe8c8574ac6616f
144,0x8bf4162274ef5bba21ceddf757fe18f032f89637,0x36419159f5acdccdb9f35b02a64e062bcacb6d36
145,0x214c0dcf84be4a34dd76bb10abe1c9fbfd57ea4f,0xad6d83d38d2f74ac73e56ed6942ea9295c0eb955
146,0xd2c985698c0fc69d7889a6ed2fd15e76de85fbed,0xcc113769dc1b3218b4c7ef821d87853c548cae71
147,0xf42a4e9493464a25d94cb37a2c453d67b97af284,0x8933898f9fd4187394209852de180a93dadd1906
148,0x3ac4a644759ea1cbb5d0d9c6389c07503f9d047f,0x4f2c1805ebc86c4ba444d15464bb954e7d391b29
149,0x8a50989422156b56f7da1dcf787446d53e46712f,0x3ca28ac082b42125e9c2d559fd5ec06c53b94be9
150,0xe704ac7b36240a22d4086a6f03aa227f5816ef50,0xaa38ef6110429e60d29f0159a1f9cf0843ba97b1
151,0x60ea9a50de8fd7bc9f7274fc189458a26e943534,0x062e81957ef9d3fd8f10e80c080ad34e07773fb0
152,0x45c46fae2fde63e41ea04dba65adf3bbb22d42c0,0xffd47a7a79da3a3b76ec3dbfb24e12c7424a21b0
153,0xedca25b75b72bb0127766b2f3b36a8ca1474f878,0xe78d2cae7bdeb9e817a5eb3980f3d9128fef539f
154,0x3aa1499698ba73bf79a6542cf572e183369bb3d5,0x46b3b013694986ee1374dc0473b6499ecfabced9
155,0xc6001b642684f4172d5b4e1a8ec5c4b099742174,0xa9aa6f05704076f431b1d1923d28e184c9dbaee7
156,0xc6bf420d53c30a347cb43fdb010f4a45db68fd27,0xdf8e15cd933ad5f6508b29c2a415b5c725c514be
157,0xfb477ef56e7240d63863fe57e5cb343e4060f15d,0x326ea54490ee978df7264211b6ee93f51db1857c
158,0x97d3ebd829eedd3b0629ec398b47c7bda335419c,0x604f19d59e39fbc8d246b0d4a793a6a17bb8bc45
159,0xce0aac2707b075ef326c5075176e2ddc20fd9155,0x805d6387585612f415f7a8b6b51bbc74ee0bbdc2
160,0x6815395f99dccafb21dec19507a3659dbe175215,0x996f4c1bc4de7f67ca52a4ad0b699adb2a91dede
161,0x549668ea23c15031574abb30bcb924de2d3f341d,0x19d2a24f96c19b57715eabd36eb01ba28647e05e
162,0xd886dc79f9b5072e214ee6e1cfccc706c7badba0,0xdf986e3546bee088b3967030c3294b090bdbd344
163,0xe605840e12c13a3ea40f5580a4d35d027745d54b,0xe0b9b11371852d3f6e30fa2cdc09dbfadddd4664
164,0xdf91ea8b3ece992499b1f5b9d2da302b5548b03a,0x9878ea8eccdf0ff255cd71f4d1a238b859bfb532
165,0x670774e35cfa2d26b08785a1af1cd7a7f5907fce,0x127016afa7f736eb4a2a34a3f5cd3811ea0cd1c3
166,0xac8c9b2640ed8d61ad2a10b18bdd6d3dbf24005c,0x6cb1f0da63a4ba0401884dd278dfd80f450feae2
167,0xe4e9e0b76ce1cda6eedaa014f69859474d8480d1,0xff0964dda565cea5ec7c5db70329a6315d450371
168,0x1a70cf7e6bb2291e14a2e41e60bb4c1c0062059f,0xaece8c4703fa9509e4777bc2f1335bf295eda0f0
169,0x5d9a5fd78268e56362048fcc052353ca9ce79fc5,0xc8e354f4994a16a4bf70b4e7e54748707ef162e4
170,0x686b7ede8192348a3777977f19012d63e87ffce9,0xaba6deeeb4844f27d60a1d2147fd3159d919046f
171,0x7b032a907d7f48c49ce1ded7f076b3305fcf5c62,0x15026f00201b0e058f3baf9551cf8ed20b2620d9
172,0x92ab7dcf8d397c86539e0cc87d84556d1e18244c,0x37c5e697afbf7435a344e9a509b1587b26db177f
173,0x7a9f69ccd3645f0ceabdd3f4ae0ecea0d01b7c33,0x71b19f33ea0f93149e178f6f867f29c61e968101
174,0x7ad5156466c03ca8889b2fd095fed52e72707021,0x36b5724185df73766d98c0f5e14c94be21e04235
175,0x0940b752efec62ade659670a0ef7cc82c960a304,0xafc9c02320f6d0e115a15519a9fbc6a45ec49a6e
176,0xe3932945a4102b153bceb39225a0573a378bb2b1,0x7ef695dfe7f8237b81d087636aabb641572b85f8
177,0x68f5f00c4ca134b0d441f4a41603b6d0af7c9710,0x4904dd688e446de588b2f6adad9715420fdaba28
178,0xf370065edb3211b4edb4733bc1ec0f230546617c,0x1bedbb17407c3deb6f33dc42b2626a7eb8ff0424
179,0xad4fe44a3987a1f37a738a2044a78a9a0e18af31,0x147c2abef8f76422559f599a0cdf6aecdc5432e8
180,0x3ec35e306d7f4a786381aa625fdb2faa5e87db7d,0xb6eaaf250acfecd9f6503642b3918ba0330a20a5
181,0x14fd9a42a50626bcff562debb3a535f0110ce6fd,0xa17741364a09c481f819be786b29b541934cb36b
182,0x2f95f7e888527b8296a76562c739fac547e471d9,0x3b8b32ed0cccec52e097ff4e1be1134cffb9cf4b
183,0x7b731513a08c2c3eccbd9ded4d1072014729bec2,0x736f83e3f445e9b7825054bb09dc348287cf904a
184,0x2a23378af98fe69a946b686a8a6c9c4712e4a70c,0xba21b6055a191dcbe5b02ec114e417948c878477
185,0x73ddced40d0af47b1f26d5ea3cfb5cf962a5a7cd,0x6cf048729853e23f9429583f52cb1b67b0d0e1fc
186,0xbbd3252ee3a1c2e4db73bc5e8af83c9b3f23cc6c,0x296f078e556e2dbcc536880c8e77ae871b54fa6a
187,0x14189ff57a5653a56c26dd319576e9ca0511ae06,0x567ca20e71dca84ee80155ff18cce942f73e7548
188,0x83c3e9fab89fe2a13ca35159998be73e90aecfbb,0xdd425d2d649cc6e61e9c929c6f1621c090afc283
189,0xbe9825f6894e2add8ebdf7af161f86c6f4963236,0xaca4856df56a04e518ce0209390285faf2f085a4
190,0x21db44f561e37f60328fdce5fc7ad4d08d0680df,0x4420b6f1b5c33f330cf6590b5527c9b37b181a14
191,0x53470089b339615529712325e733f4af17c059ed,0xe65f4528dc664e2da27def54d70d863ca842b64b
192,0x2c4977c854536d3c5797f2b4faee0b67e457db19,0x9472138e6367780c5445c45be9b8a968d4ce379f
193,0xa64dbe3ecbe53d3fbc4e6b041bd77d51cc73d978,0x6ea808dbacf79d3df78b2a0ecea846bd2b164e76
194,0xbf0b63b9a12db59eca44f7d9663838b4f9fdf698,0xa2ea63cfd6a608ff36a8330bc09de99184ad7e83
195,0x8cac5a1388a3ee043ce978431ab9fb25eaecdaac,0xe27de1367ae28b2a26e985532d1586b2e3742307
196,0x165723d1a7c31011f43b44a44081f02a2e5c5dae,0x54b06d9b80838b8b66a660144bac6089369d699b
197,0xee373f26b6f19f66e72e96df0a1c3e60d5794fef,0x02284ee2db5e23226f5b80d067b1454cb456b6c5
198,0x4c8d91e66f6bf029835627b50ffa17106eb8b554,0xe1cdb67c0b25a3700b472268215898cde0fce232
199,0xf0469ae0212a7e0c280e7c7e21533c333e0a8772,0x5285b959f92036a2713950ffa6420354da98faac
200,0x66a8388e17715266f00295ca57301b2ba9daee05,0x401d7d91f413a447777b16e1d1102cd1ce572e71
201,0x54194f9c25db6cd4215495156a3a6f6eb5121c62,0x73a44cb6e2fa94da505e500bf6bbcfbeed8c46b2
202,0x38e3ae72edc3d8cce64b69e821762ea13b20ea59,0xfdfd9c961b24d04554162af3d5e1a2d87936a3c8
203,0xd27c6b6d158623b5213919e90c862cd8c89db0ec,0x07d53a89a1a0ef6cdbe7e716be7c6911df2f90c8
204,0x3daebf9fea6552b21d9a7e60d56dca98525401ed,0xec4529d90ac52d09621b27ae9fd1cade1882c108
205,0x0f75bfc37b2dc481102eb22c85c8af0d2964cda3,0xf697a5c6f5243ad78b58234a566426d7a13dd9c6
206,0x17b07a60e2c38d6f63e923a65932d6b4cd1b52e4,0xdf6ec209ede87ece491f97ef52dbef850e5d43a9
207,0x1af832d74b02f13a1d63ee2f433aa3ab0ae6aa74,0x84d87e9ac3378ebd278d49a77b0175701ba34c48
208,0xe1635cc88d21851e56e8e9b1bc3e4a69ad811cbd,0x1d13f2019f18f07885728d4cd15b481be7185cf8
209,0x49efe4626dd3b8ec8a3955e81f7c7de95423b39d,0x22ff90ca2e642dbd673cfcd6aec71859618319a2
210,0xa09f9b4a3d86b84803385132e4a55ae489c51862,0x2a3023281f3643c8c2143ad575d33aca4f33e9d3
211,0x1ff43d892d787a7addd79b70948c6eb1cbaefcf8,0x5fa104269b5c80507040dad5c845b37ec1dede47
212,0x28708882ee57ef5c31b0e64b71eaeefa02cca27d,0x6e68e36410df13cbcd2d2f6ba48b05032366cbc0
213,0xcc994c722002a2ae139aa18186036f9c23043da3,0xe124548f7cfcbc877f2e043f51b56d94d2283e5a
214,0xc6990fb6740ef76f81034c40c94061d0c77d0c7b,0x72947c5a56989b4cb4063d8c89997e50e658e00b
215,0x41e7ed441194b00d89d9f246e80e699c8b6deb14,0xc09a7aa6f403c82d01d9ecddf6e2a6e530a7506c
216,0x9384c120d30c0110b0cdffa33cf4a756dc03e05d,0x786bd3495ebaf808c18c4090a3524be9c248bf88
217,0x3f93825bac60f9edacee2f0ab5459e51ce553cf9,0xd1eab0d51e43bea0e883941e3b068dda2eb84c0c
218,0x825c07a9413b0e2647e625d1b179a9499ea0b595,0xf46cb1a5f3fbeec56eb26cc62dc7498181568bde
219,0x7dbdfd82b388808270ea8ef1e86091785ec4b3e5,0x015e1428c34c117818805d4ca04e62dcc0d269ee
220,0x8662e563f96fb77589917cd07983f624d8c9ee28,0x724744e9d3f071d66f10b63ac0e379d4e7436bf5
221,0x1d4018a8994a99f5b8e33c578112bd4c5212189e,0x770acc5dbed02948bf6ed74fb3b8350da6b607a2
222,0x5e91fc9d6ab85a56dcffcc6e354d61258aa7ae05,0x307fcc127a5f9461006803cdf50195a5ea02d003
223,0x2afb4617252614d79d71149a82c14ce5e48bf857,0x308eb69aedee685a8c6bad1ad83fccba49a804a2
224,0x04f6dc67b5140f5d01a30212d3a996279c0a7714,0x31a330e7e20fcfe8404551b4fe2b4da09755805e
225,0x66901ec755c26aa9b608b2dca70ff436159f78be,0xd59b6e2c68e57f46394425d7ba70b9add103330f
226,0x44b28980106eb8dcd887a48e039e0af99b53356f,0xed9f63bd4fe50645f6f16e3178142a4fdb52896a
227,0x973ed7fa34820448649ddac5d9f449f1ce9a0d25,0x356ddf8378ebfbeda750be029f5314c65abbbd5c
228,0x0122c72dad0b59c6fcf38510a39d67d32c45521d,0x1089a96cb1d44bfcc79076f54c30b63ef8dc5047
229,0x2521be4e661bf856f8c8783261c0b82ceead13ba,0x31481df5dbc186b2cbd5c0c8d31edef0654c9d47
230,0x6d6677b8ea599f84fe0c5bba3bb9607aeea0a5ce,0x80a76ebaf72d25b3b7ec78d9dfc48c8d3625135e
231,0x1220d33f9af30fa125ebd2b89991fab050b590cd,0xdcfc4d85df5642d4ffa4b0140108d17721b71e9d
232,0xa6accc8861670379df5ab0c115ed17bf98186763,0xa9d17f1916c3d41d4510c5666fa4c45575e01598
233,0xbc5398a3ac089567f9d9bae6bcb895fe27e6c57b,0x31f6f997024a4d1fa2787fc1c98bb2a31495995c
234,0x44c90d4c0828f3c10cd32601d640be739e586446,0x223446ff570813ac91a9beb693374da1302224a2
235,0x116449e03b28674b85a00409d02677704b598134,0xb334eed0fa50f969da67e4644720551ea1e30b59
236,0xaf6314ea7c96fb9930040202ed79ccf8be1bf03c,0xa6aadf5d40bfe102959007a6d849a167aa3da55e
237,0xac67f132131ff8fe7c37143e1a7c85dfad64d37a,0xe5260a2776fef9883e17ca42c3c2c10cf7373cfc
238,0xf1ba3ca69fdbf8cfc4f1ba95fd70992a7c484e85,0x385410d610bd5667e35d6af66f65bcf6d0fc37d1
239,0x694ac72e61def7fd5afcc226558b55dfa21fe25e,0x18133b0f8de9b692032d04604c923ed113532657
240,0x61ed6d97fc00de2808e4b3b210993b53ffa2b730,0x7f01551a1c68b227db3d7e9344cc78a3838352d6
241,0x09846a933d554962868a26ba0268e7d0c56be857,0x81f50c504c172271fbe9a210f0f4e6a5a0b714ac
242,0xd1a3118fe35186515af36b3517e024ceec8656b8,0x5515982ad241529b10f86437db87fc0a13e22b12
243,0x21fa7e17331928e1752bee3eeaf229e9c291f594,0xcfc4ded3113f2cf630a982ee92a84e3d087509eb
244,0xf551f33ed6e7790fe77ada99031364e41df67f47,0xbc5f4e1011df9d3eaa6a0e1c792200f0da1b288b
245,0x81178563fe7c89a782fcaf7d61c20e33a24a77c4,0x24360f51b0753cb7ade6f1c8614f4b47555fd47d
246,0xe2ed8c251b8ccf518f84efb87162693e9ddcaf9b,0x38ac57ecf381a60af32d719c0c318b2995bbd312
247,0xb20fecf913d3a1f306321e083e6d82ede537547d,0xc2e9025023547073f78fea5dec862f2163424e3d
248,0x6424703897d97bdad3722c22d67eeb3a08dbaafc,0x02ef76e28ecd7c8346a439ae094e5834a80203d7
249,0xdcad68ca4f77c6e44636f82bcf76d6dda60ac9aa,0x8563f52b73e3a90fe820589c5b227b5531e29212
250,0x2fdc783c2de8dd30f4ad7b30ec26ebcfb1fc2d4e,0x242e4b76133c99b67ba186e527a45f3ac2200401
251,0x91dc1b079506313eea1145c1b8ced01057e86d94,0x69ba262d336523ed9fa37c9952dffb1da2a7dac2
252,0xc048e511bc211dcd0dd04fcad1bd826e2af8a234,0x6ab28098d43ffb20ae16810b350f20fe64a87656
253,0xcc7490242098eb01bc1d637c3732899445643fb5,0xf56bec2186bf72a0e4a84d5d9e1c434c4a4dba72
254,0x8476be99b6d22b8b1fc94af3e11e13b7ae7af118,0x72270138117a533e84708737b91c30fef4ada5fc
255,0x2cdb71de2320be60f7faf89a5afec2c938d873d3,0xee6b851c79e480f6bf509b37064f722f22337a65
256,0xbe9ea17a5dafec51b0fe93c29da1f168ebd486b3,0xa44a415747a2fb1ed0ff192d76f6746990c0bdfa
257,0x09a82bdbcbf25f3f859f430ba2a35c63ebdaf21b,0x190ad72113fddd490682679abc4c650a5f1acb9b
258,0xb425a6a216e24b8414bfd12c30f69043c97ada2f,0x5d36b84fef3e5e1c5d1eef4edb349d3731862216
259,0x02915ca55bad634071e1fd9ec22f30f3e4c65dbf,0x3d8739cf7be389bfe598bc70ddc157980b0579e1
260,0xc8e0de38fe4c48e3836dabad019fe46583a5f6a6,0x56d7a3d2648e4e2dd69f3e4d649c8834d8367fce
261,0x93fa6834ac94f9121624637d3a871e9332d059db,0xab61411efcad3965a3d8d703ff9ed17bfb55c30e
262,0xfcc443bdaf3b3b6c775dffeebdd8f0b1d7e01f6d,0x376615568d447e41e17cd31176e1fd416a813683
263,0x7d5713b7a708c729b539431f976a1a8560dde4b9,0x6c9070ae784fea1df23804e61f510703c98b853c
264,0xf02f95f1c16bbd1a02532479fb9eb6f7098d9434,0xf83b4c5dd3177dcc30fcbb7cef75669640616838
265,0xf464a97ac3dbf06b548495b08abd0e47c3fed413,0x54ebe16ad0a6fc85d5fc8b7b621e3c4639a4d79d
266,0x012347a242e737cca408c9173eeaa32dc19bdbf0,0xdddc61a8753bde8d2973e90c60c995606c14c9a9
267,0xe87250d24aa6127a68b92c248d76cee30bb29a58,0xfe22cf85bb76698726ba1f2d387327b79e604c5a
268,0xab8b11ca599fe4cc362f9de9ec3fa78d24f19da9,0xeadcf99076fbde8df9f0ec5a4f306876592b7aea
269,0x174b5bb1713e25b5faf9df56d1568577f3a05ccd,0x852b26b64e54ff6939c635749941dbb22295889a
270,0x2d9136a3fff28561651f9000ce0ad3602bf59371,0x5f51e8efcc566363b7fb4118c922b47fc75b923b
271,0x588a3f4f69e8ff22dc0f95ef764a621626c8b8f7,0x48d502142845d792874f4eae9b169a14b5927ff6
272,0xaacc166576a1e767af788f1dc28b4a995c0df621,0xb8b29f9bed65ab15b3c7e8c15e32449ed29e2def
273,0x04e791467f94476e2e1853872619ac1ffb680c05,0x3ddc3b88641ca07393fc7a5e18f5675b48343b43
274,0xaf110a69d71185a1e4acd572e5a9790a81c70139,0xbad47eff1ad740f8f1bae599e4c3d6bdac20da2d
275,0xe4814e7b8ab7fb4bfded382aadd051d4e522a847,0x2a37336083ad5ee990028f1125a4b0e6035060c7
276,0x5d972dfdeb4069b4c93b586e191af1ea793285f6,0xb047ed8db26f16db982c6528368153e18409fb79
277,0xf258fb40cd1138f97989dbaf58d2b27b41437f2f,0x8025ba5280e2d5a986df4045750a89c1207f18e8
278,0x275b47e023911109e1d71eeb0f42e2e0c90ccd8a,0xd9ff450d7dabe4d7353d5c22292d471e15778043
279,0x6ed4e1b4bd9680e76d6aa5e9fce9f3c37543b062,0x271920683642ae1d36aa66f0517b154a84a1ba2e
280,0x0bf850d87d50e8a271f5e25d75fe6d69b1593349,0xd9787ea9206444e454475ed0aa0880dcc14095d8
281,0xdce705afd058ed1408757c65cc5901751ad1e946,0x32ada688c79d36a51b4d7fa7d92765b2dd36c990
282,0xda9a08f4820cb6310490825b8039a7052ab62c38,0x9f0f31194aca03f43df08aa6ae642caa9cd7568a
283,0xba8233c7c379d63d079a9c156e8314a9dd620320,0x7a25af43549a4b7af25eb26ca3e67b72f7251d16
284,0x2187f66540614d950ca34780eae230dda07d7c72,0xdeea10f0c91330712b7c45070f5535a36d7e6c8a
285,0x36c6de73e132ce640baaf4011739865567b5fbfe,0xf984208f42e5330aeda38ee55f5c0280f4b7738d
286,0x2cc3c1efe07ded324eebcfb9a3d02905086af4e2,0x82dfb54968efe470715034de4a1e3a41b8e115ee
287,0x1158db95090b84c38c343f1c9fdda21a4b8046f1,0x1b9edd7415c4762c8eefb34f2203a4191e2164f6
288,0xfe08511fb2650d53f6579ff55f40aa0a4caca786,0x7efbae171a0f664fddd4e925676d3cbfb341c9aa
289,0xc374907405589b6345bf7e4ef8b935d8e281982f,0x4a7febc53349668fdeddd1d7862644dfcfc90e0c
290,0x01ff7b7e275e80c4acdce5caf57bfff8d8f934ca,0x153ed133e4c088654fd7baa8602ba4ccf37f9fb6
291,0x5b0608cabf1ffc0aab954cfcf9e8648f2eec4acd,0x60b876b07e786906efbaab027404dcade2630593
292,0x76915f86ae7c6049d65e2dd7c6ef16cf4e3913ac,0x6e23caf9af622e8def3bfd8cccedb000b4761350
293,0x5b8ce3da05fc088ea5b76c54154e049fd2d7a651,0xf7ba1d6ffea93f0372b0d94caedf5b6c6c18abbc
294,0xd597e30486059cd27aeeaa0f1df434d6ca91e4ac,0xba6334068b9f841eb0745a05980173de4812afc0
295,0x55ddfdacf06c97f465c21811af9d3fe7bbf6c2f7,0x2e49b6bbcca124f26177ebb70282089d5eba1179
296,0x5e9f72915e535f2976317611b302c4caf1fbd4cc,0x6441619835a0eebdf8c539c3f6869238bbe36b5a
297,0xac845d12ece4cf2288b0c5440416e5868fdd7a13,0x164ec2524bded41e27e0ce8fa48fd28450e11151
298,0x9c67d0e3447141c205b3019c830fba57314b310b,0x63376e7438e65703631db7e7452f9c872dcfe4bb
299,0x4c15366e2db7c8c9665d6d0501742c928e115325,0x7925f912e56ff1b138fc372c7862cf892a4298a0
300,0xce61e2f73adece88bd81682df1b62781f4f98dab,0x9c2d11b7a4247bbec8d20e4c96e0a338d7d19f1f
301,0x9d0586c45da7b5717ee7cb3ae309a6bf04ff6ef5,0x7b851b65d36ed2dd67f9f7a336e4787604aef689
302,0xa2b3ae4d3e5ff311feadd132b12145c6dc29c243,0xba5c5f2c3246f495e980f4c0e29518c7045f5b30
303,0xd4b7842e84774dc5eb05cc9a3f7f550a613b401f,0x340fde92f7762355da37bcf8e0eec812d565ab7f
304,0xfa5509b6cf3fe18f611ec4a594fd9dab2ed9e820,0xacaaebe218387f16c2b2c15ff9890b1ae7a2ace6
305,0xa5ae1a52e9daead364a929e36f880c682a29b25b,0x3bae0f9811fb3869267caff8b5a1baf00a352935
306,0x931483ba0258dde4ab568e23d50571d0132e1f53,0x59db21e538b99e7d1016a1201f99ced023eccebb
307,0xc06c83360e3db2fe7c2ba79bf7442e7efa182c98,0x370954d50c45a96fd31c7c07915fdc91aa5c3351
308,0x2d2f2e337db8cfe27ece3ab21fb1e4e6d07dea41,0xf882caa0c36c0b82f6c489f1b806891d6fb6153b
309,0xeb460f7c46cff48a813d902012c117f4d3c09f75,0x7c3aca9fc638dd5e1ff93001c7669bdb2c25cd9b
310,0xca5c5b1a20be21d2cf6f3d012bdee0d4f296ee66,0x3159a9352fd74ce828a6b60615e69da7702ca92b
311,0x9391ad90462f01c77fc2798833f087a77c5f4437,0x60b7b63879d42d9bd4aec3cf1e51eb164d407321
312,0x7d7b86a35ca1073e61d9e3f1d250586ce1566ee1,0x6b56a85224f5dc35195b95c03a1389ebed8a3e5b
313,0x24031cafc52b2f795d67d031cff2c92946d8c183,0xc1fc3e02e21240bbe2010e4d2ef0fc8a161300a0
314,0xb01d1dfbd533976147010aba6d8fd4351d7cd759,0x275e7124459f5fb2c47442f668a02a96a5385cd3
315,0xbba6b8cb2308bdf0c19e01ae56fad91a2d0434be,0x8f23eba49a6c8ef241f9ab350eb5e60cff7eed82
316,0x0ba2421666f1279daeadab93808839133edff912,0xc27444fe66db15599ac0eb79a5eae5169d525b7e
317,0x5690f3a835dbfbca4ea434d1d6645934edfe4d91,0x19f5754f4e3304511968818f872ff131402a91be
318,0x2951d72743e5702b660916a73cf584a571d3c56f,0x8695a267dd80b5cb5e3b65383458c12f3c26bd7b
319,0x28356dc9d708ba2643ff209b293e640f1ddd6fd6,0x3b51da291838e930817ebdd7bcc1fcd26e1da756
320,0xdbf53475f4af1cc0425f8e404a2599d00a95f796,0x5868c599fd224f3a7c5fa3cfdda506ca9d393077
321,0x77ced8a6edfbdae892d8ba0b8cf418f6dcb049d2,0x51cb4701b5b8a4f8b3f5d5e90da2879c57088786
322,0x221ea34a244561a1ac756bc17e160916b9fb1c11,0xb8ce95525a1c481fdbf345b1dc35040e4e88064f
323,0x81ccfb00ccae1ed6baa622b95b7d71494e4e7a70,0x0ebd06c26fcbb72f8481fac98c78aee14ce929f9
324,0x7fbb9ea75d5bce7a361b5ab5a979e8980618cfa9,0x80635e7632fe0c5683d8c32abd19e3bd4131391c
325,0x6ae0c54f3bffef883eeb714dfa47d91ced3b64a1,0xbc7d6865e3d938a7b0a6c5c2a8a43c4019accd0a
326,0x12ab03176adbfccc80ba854110885f950c9c546b,0xf2df169608d95f2d3a57f96aa52b75b650eacca3
327,0xc4070f4afaf69836959b653f24243e84047dc6ba,0x20bcd3d8b121b39d94b54ffc57aa11a131d16c07
328,0xb6b24997fd7463a36d04b9d85c926f5b425da64a,0x662c3a6e44772caca1000103c7a56a42a8b2511b
329,0x48683bf2ad7f70f19c07e8340d4364bd1f353196,0x8ac534a4943b01693bcb91ab21ac13e6b3b05e09
330,0x37ac5aea1b8732490899a50b4ac60fda3a49037d,0x1058388d1e9fd041dcc5a14472ace4207e68edc7
331,0x2c0fc577d967c311a5fc70d5c3ac0849a9965fd6,0xe9592b6e3320024b62cd7a761e2503aed9db9e7a
332,0xe96f2b857c590509f2610088cd58cd489f621a0f,0x3ac26d8a178304771d326f3fe08c36bc7a2b3a65
333,0x48eb940d7820ff23cbecf8f1ce2e31f45d5f5e6c,0xdd45c01f591ddeea86e924c0eec01f0e36c4c79a
334,0x32a16a8fa6e686f6abbec2d953485fe45bbdf3a6,0x4de17096edddbdfecfba7495d1eb3fd22a83d314
335,0x95e02b8318910466a3fc2a41a4b557a76586c0c3,0x14d250e97ec87e1ee284068c892dd7a737ef6bda
336,0x10975854a363fcecb950ef40491287b9335a59a0,0x5ebabaf3c69d29ff60a0f149c278a8b83792ef51
337,0x58bb53f943dd4a9059da926b752ed77f62509f4e,0x13bedc6f15350bed257eb1a0ad7dc456f374d7cd
338,0x30e786b0c421ad64ec05cb116fe832a882068b07,0x74c31221a44636b45247f1c004694dc1b4361534
339,0xdd61aa66b7d6e7ddf2fa956d59328c84184e0fa5,0x6447fbf4d5285e6b8351ec8a326a7edc975dbbaa
340,0xbfd442c71f8b1d9aee51651a5d1bfaa3a379549b,0xff0865ac82cb60102cc631da84af8c7825e81c21
341,0xd82add433a8b565e71c7b7d8085d47463a69a39e,0x2f70a8eae14d9d492cc6d04a610d9549a8e48101
342,0xf12380be823100cc14d26f798697097d60e7acf9,0x2b89f5c9710072b71818fcbe5058429a8d34e85f
343,0x255f3d473b59541a1a15472cd92456b33439b671,0x93877a6a7b3bf02b4f2d683d0ecf1c856abc8485
344,0x869b2bfc32b745e07f2faedf6d5780d6298ee9f7,0x2c3765dcb00c4afafbb773b24d7ad3ae9776cd74
345,0xe3220127d9ae20ae8722df610790c68b1948d288,0x39ba8b1329b8444576d1800076dd00e5dc948143
346,0x7c78a7172ee860d083d225a3df9970fe61f46820,0xd922160d5ef160085834c51b8d45c8d79a588eb4
347,0x296a45dbe1eea87dffe488afb668146525392a35,0x3e11a763224962b70e8cadd8146b2d4d5524cee0
348,0xdcbe1ac569016cccc083464a93d4c54125bfd324,0x262fdf59dfdd7c606cd93f5f9e9df1a7794b9e1b
349,0x47863c6259608dbe40a2f82f86cc4eaba120113f,0xf4deaddb7222b9d294e5c443071f7002f1dee431
350,0xef2468861dbe289757bb98d97a202052eef76414,0xbf50108b5aba1349e3e9e5a85a525f6258687a26
351,0xdb20b1796ad8df875656b0cc46cbaa5361fc2131,0xffcd88d76f1d0d287f8e8d752d0c0a28936c36f9
352,0xd7950b8710cf7c9457e6fa2921f8b630acb9f31f,0x96956f4d3c7f7397f085a70496f29feab4249492
353,0x35ccb575d3deb9bdfda3a21288b8efd24cf7b7da,0xa90e380f6cee97b0938de1f126fc7526123c7460
354,0x1940a040247857361b848cb21e4c799ece4fd142,0x5ecf9a9912c2c82a89bf1cbfcb3872d281588ddd
355,0xb9659e0e20e3cae6bdd69664dc86f6ce5f12ac8c,0x267ed0615eeda670201185bc1894c134dcb87d19
356,0xe2de2929650887b1c17a33737c6dd0591e4b6ebc,0x57bbf1a38cad429a4795e3c0350741fa296708fd
357,0x87c0ede4fcf5d52bbe109982d03a420da62437a1,0xdef5b5ca733cdae12ee866a9ac35156458a09067
358,0xae7de373a8efca9717aa8ef26ba6aba90aff22bc,0xf8a32f41ba2c497a79deb965b5152a85a07eb15d
359,0xb0561cb82eeda1bbd43ce91ae02c96ca24bcb062,0xc984ef1273777f534e9cd5e96de2ceaed5723a76
360,0x4347455ac93b728693694456d36efcd3ed8bae2a,0xcbd146ecdf905104b19dc621d6361cfb4c10116e
361,0x7f6981b2b1a9e44749cc130f5b23de2f8d06aafd,0x795d5ea52f8e7d8ed671f496164b151ed4aae644
362,0xb0b53fe64561ad30f7a36f336d779d571ca839bd,0xbc36b3f73d8624c08658e58e75bc58ddd42428f7
363,0xdb53d4cf4e0a8225867d8eedd01249f19810889f,0x0c0a996f8b7793cd451a8ffa6801ea1266f4a70e
364,0xf36be111ef00a47f613d9564a0b87df028e59d4f,0xb29a98de1857c2ecb9bb3ab21d9dafcb74b8dc17
365,0xfcf4f21053abcbfc48a1fd032c3f107f11a6a95c,0xa36f7066d0ed7c9c43e2303fc8c36fb7f6b30c3f
366,0x1558bf50b9905d6ffbfd953fff6f0c6dd87f2dbd,0x8d5452b88d0daf4f2ba0bcebc892728690ffcf66
367,0xebb5542876187c07c05a8964ef992cde99fcaa29,0xb648141b08e595f583d9d7e623835f8457d70153
368,0x6b1cc067dcbd589b94d38295cdecca33887f8fa1,0x75b4081a084bfce6aed6cd62bc57c3b961008e58
369,0x2c7fcd8d1e1ac005673d26d294d0019b8e72185a,0x5a8d7458bd1a27f3869d8665f2b27cc4ad691261
370,0x3d7ced513af33b9a9d1c96d6d3aa379809b605f2,0x6ae4fa2177efcd40dc4ce6c36eb4f7d0a2edd7c2
371,0x37426499983bbd869de9a02d103b6b71d64de5cf,0x2d4b00d499173e984a0793a986991d2e4dd3744e
372,0xbb1b6e048ab1f2715f1b75cb183352338da64932,0x4c319f80bc3b8bcfa88c355b1b907325b5c937e1
373,0x1ad4e4e0ca7b92b7660525583b4d51026ab1a9e1,0xdd2c4602dfd8d1a73a879f69f6f623a1c05058ac
374,0xe4f325997a1acffcbb49288b79ab12a4bb5a1e24,0x5c70412a82dd646c29ba3a2a77053cec8c941089
375,0x8ec3147a76f692aef5245a5958197efe18e7be82,0x3d67bfe97fb22787d9e226133be230c8656c36f8
376,0xb2c4a5dcb2f14ddc11f42bdc182f35727f836aef,0xd7cd36f9aad88292762c5e076a692efa188671a3
377,0x335dedd0d87505259bc5fbed3a7ffc12bdfc45e7,0xaafef3646c73a1ddf44a12a817853f16278fc274
378,0x914c72752fae4e1711f37056446103111f56586a,0x2c58f853b21becbf9abb59995c7ae33a6750bd0b
379,0xc40686e8deccc2627f37cf95583e21f648ae02b2,0x67e95377cba0696a67911ec9fd089c1fce90c3c5
380,0x105b8164a8b1299a6b697f7ac71ac2981af5f45b,0x0ed7d5bd56fdefac32ce5958e0998e476cf03826
381,0x92f1e7d29a8d05f610b002fea63e9d4f9d95e654,0x1dd56419855f39eaa8fdaa233926e4b06e7b6773
382,0x65f279f8ba1394a14591a7d3c2afb51c7142bb76,0x873af7117f08430cd892238784a64ce2d5228ea3
383,0x5a395e4d8737e80e78641110978cfae4b96f9801,0x8d560b3ba4d4cb91f7e1ea69ce0d652893799ead
384,0xd2f8decdb2d69eda2aefae24b49506544f714271,0x04535e661cd25d47901269cdddad9d27d73f2623
385,0x81a717a8d708c0622876a7cffe1e8693c83bf06f,0x000ad60c396ada653366e95dbd9c3715d09945f7
386,0xe22bcba292417745be9a1241bbce1aa2c0a1af7e,0x03f8c7cbf99bdda24f9682bc7223dfe659f678ba
387,0x64d5e322370067f0d2358cbe8650066a001525e2,0xb5ffe46d91f211ca7f1820150a240f5d39c5c817
388,0xdda7a56c05107b5a482517b86390eb5ae0b81957,0x44489a42c3b825a690d6f4fa27b71f4154cdab6f
389,0xf2d95d6b4bd5190fae1613988c7306b49242f1b0,0xdfbc369b001a1ada0c866c0729b9aa5b77209e33
390,0x6904aef02416f99a92d366dfe87316a818d1d5ec,0x83118023dbccb761a72f9ed5acb6607b0b70232e
391,0xf1adb0cdf21358a8015b544f2a7e2a1b699c9a81,0x6a478d30bbaa1ae04b00c8913a6aed8f5201efa1
392,0x96a5355177f674e3dd7335d7cb2117decad0f145,0xb64c366369f555ed6ca020d3f9c9657e10d2ee46
393,0xf7f5408c4f410368cd6fb75e6107bed4878e307e,0x9435c77ad7449d2dd79b98c59836efe80d1baece
394,0x9785a7b127f31ac2daddfc97021ac2bbe268472c,0x4b315e99fe2d04eafd43e0f0e5785159f17c5639
395,0x1b3068e7511bd50215aae6ae9bdb9b777695e045,0xa23cd4a40ecde34900027134f52f2b963e1892a2
396,0xa3a593b88989ee8748c3357fe51cedd6fa33af25,0xc549ea92a24d9ee1a79d0379b81f0049504049e6
397,0x4ba8b308ec1886128c4bb9ee120424ece3e8a3fb,0xe372e78fecb0b16c4e1319c019bc71fb7e6a89b6
398,0xdb1a96350b9da5f0f5da145f09e70f19c9ee4ccf,0x8255601f54f87b16067a64a5eec784cbbdfbfaad
399,0x3d95ab3e3b63ddfa2fa37f90a984c89d079a4b49,0xcd2651626c11d2f391de70891db40cec4e6d7e04
400,0x18f8be0ae4d16953edbda3eda6c290ec3523b88f,0xb9ae1d47873361ca4691cb4ab5586bac1024fc8e
401,0x3449ae899b1fe76ec52f26be7ea3441d976a43da,0x2a125485ae20c67c513a57ea69a75ef981610364
402,0x88c05910c67e09aa466941cf017a05e0b6d12c0a,0xa748180874431565e63ab5499faa3f64138a2c7c
403,0x08698a0a7f2974db044e6c035e412984b8d29c01,0xae73e633182b2468a12f775de5db1951fdf37726
404,0x5ddd958236d9f94391392c672c89a8502a25a6ab,0xf3a2fe476fa020d7ef0ecbfd325075e2a77302eb
405,0x46146b0fff42c7137671c850022a62cf0032169d,0xff2686168fe6601807f580015488ffff20a4d2ca
406,0x210f2103c8d560960c11ed5d5f2f0937e8f8aa77,0xccd528e25067fc7383937ed2f019240318831249
407,0x7cb3775484b80a578cc020aedb5dcb3ebc72cf91,0x91997f9b055761358cc6af305ab4d221112a6e53
408,0x1b66664e8b54ba000e56f02eff273d19ee3933e2,0xdb7223ea869112ee7f6baef413d2a68f78872744
409,0xe1b5bd70256f7ac5a3bfde3a9d70da135b6908ab,0x67f1dea0fa6a4fdfa8e22f1087847bd9010fa01c
410,0x31fa0a601866f83f1297d16cba3efeef2d5f0407,0x1036ab16e45910c6a64ec7cef70f4b8b8e72d3ef
411,0x2b5a4287a677b7dbb380134b2abef498f9fa0b97,0x71947ea2781623b9e2a768513793ec0baf03e5c2
412,0x75fe1a3096aed9164161022ed2568fdd24306969,0x54d4bc1d055cac17e529c59e4e6d879df2d62f41
413,0x11a255cdf1d4dfbf012da15b0cb165cdbbd1be23,0xe91ae68abb2b1850ec7fdca01d898a413e15446c
414,0x31395990eb488662f74aaad766ee9ef99a3496e5,0x2d090a0fafaf713f7c1a874f1d45129ce32573b9
415,0xd248edf82c741a3224ec435a13b980a7fc29c73f,0x0a3a3ee3671556f7b7d65be4425ff92560da9b8b
416,0x0b579ba1553b50a4a610d5c4b93f859dca463581,0x119b87a1884128521acd26c6034f8548dd29c5ca
417,0x4aad3ba8f9600a6d3770deb09b0b8b0f2d98369a,0x9db850b790c3c4e909b2813497bffede283e6430
418,0x9e22945c035d66db9d152ffe5244b335321d3dbe,0x9f0e4c1aa3117068a395592e1e2091191d7a4be3
419,0xd2beb488d4f896cd2a9abdc23584ec28583e6c8d,0x20da190f1c9194a668ee88ce392cd33da51c5eeb
420,0x97509701adbc36e0f90496e26f30e5ec5d9b0212,0x26f182e92c533b03d8332cfbfdd28a710657eed9
421,0xde47fff5a82a78cba8dc88aac8df6696764e316f,0x63482bd3a094a91ef6b424bcda7f510fd50d67c3
422,0x9e590ea544ec06baa8a9e5e26c9b7da0cab064b3,0xffed509e763d8c01ce1bb4332821faee1815ad59
423,0x2cd24b2d5fc3647da488ab23b1f6b47267f4b3bd,0x50340bba7c373455747e1e41ad258149f3e3b7ac
424,0x06f87bfcd1bba3a25d6b1dfe84bf3cfc8c1eb6d3,0xdc050269a95936f4ed538398669e122d5dc6b3d1
425,0x5b32a7743e367f8035df4f10518fc330975c3278,0x47fcecc6442ef0c9bf869446693f5b1014799931
426,0x40084420039b2a4b1dd3d9bac336ff128e5f336b,0x47f5d1d0675e1471fc8cf4acc672ba733382c7e5
427,0xac82cf5f0a0dce0c1e7c3e6b9ddffdb71d27de59,0x26e52bd68fb70adaa65420c0e665e6bde077f92e
428,0xd0df2d9560a1c0e6f0041a1d6b12f1a31007ac78,0xc01b64e35afb516523a86eaca549fdec353cfdbc
429,0x27391ebccaa1a20bd5269b5a34d8a9b23c523c6b,0x888883899908bc10123220d451e5a23885096333
430,0x611f2a32fdbfc0b1db2baebde5e0dbd3ad571664,0x896911c6d91c684bdf185a1996c48b2482581a5c
431,0x51d4e3f01c290edf517d9ef96299cb63e0d0a59b,0xd11a0d05f22c600f2219f56d1b8d01f8a1e95242
432,0xae5c966bce4d3ef4ae9677275ae86963d1fbaa48,0x7eb284912c5fb9f7b16f6ea621ad8ba01daf4a21
433,0xf3db76a2d3fb2f1f5b223c861ff1c96319253e89,0xd2ba70cf91463f0d06161a42865790f542054931
434,0x7a79ba0c4d4ba00e9bcbc9e06cc6b16e895a9384,0x1b8e230b1b0bdc4e59de2e56487e99bf85f13894
435,0xe4d99ce7441cb0977ddbe7024ea235d2c4765e28,0xf5c21a3affa0941a48e3504da48fb4e884b251d0
436,0x37a656b72014f08f53d3fe67b5b7ec48a7da9209,0x41e1b456cb5e13b36e6b29fd3a12ebd61ef54ad6
437,0x5faef4a724f460102d0b9bb7f80fda132bc2c06c,0x339af314e8bec45be54ad5a7dfe994e1dc264b89
438,0x3e0b7f71d334e5254326ff38e8d6c8d1d5254ee9,0xe93a6ab72189ca6ad915b99c45f342251e02f9dc
439,0x227afed3b621f12447e77e30d03f7e50ebff4a7f,0x38b0c95c08c2cfdd9681192f01d79b0a4a06e3bb
440,0x66a2b4c152a7d34e8e9464df4441eb027c07f791,0x568cb56d61142c19d990a054e3661a81ab8dd7d2
441,0x13fb97da9d2407da6dbc2d6c175b51d0f5d9d903,0x8c3bbdd341c745de8b270d6c7812f4254f99e83b
442,0xa8c811b8a041ab0b858dc429f1c6fb83fbf90c77,0xb7da2894b6e5bdc56cb8941171e530c02c404e1b
443,0xec045e30b9ea34db5adf93dbb8be426bcb960bbf,0xd480ce311e37e531fe3dee35023d5d573638556e
444,0x1ae58428e24f49d492c74bcc79f94147092b1b38,0x2481642dc8da7b4aca812ec872c53c0727d3c0e6
445,0xf793143108499684f8e22338dc35d628fe3b0538,0x1337d52fedb5630d10dab235acdedd16ccae6a09
446,0xf22113a336d22bc43e03da950f4f8a4150549d29,0x12b40b75d78cf66d1fb023f7ce96839810bd405e
447,0x1a34204a9e4c409317c433a921557b4d82afeff0,0x1254bd4fa1d46d94b16f754153fa387c2dcb522e
448,0x807559850225076cc3e88de6395fe66028f29acb,0x308b4ff1f9da582873e9f20e1701b08b920c5549
449,0x7f4717a1e089bbcd48331983f62cbd112ec1604c,0x3e8389f417785487da42e522dd704c565ab2746e
450,0xdb6814073083186c8545fab2b9ecbc6e94536af6,0xfcac7a35b6c53bb4e23076b5afe96105da990b46
451,0xd4dd3a57dcd0f25f1f7804024012948f08864211,0x347189ed83bb0efd46692ab79dab71ad246d3362
452,0x541a8d4d77a2b36b3b1c392a63faa591829a5d46,0xc7511bc4d9c700466ec0de41c9648db41a809564
453,0x77bbb66ef2f20b307f9f55abe074f151295e44f2,0xc320992d19464b9c6ff0a8e0b4dfae1367d590e5
454,0xa3605dae35f24e9ec3d3d11617c7ebd85a0e4f59,0x9668a45ddc42057ebf81ddaee2d164b999494835
455,0x5886072e1f617ab48c93facf3a0a65b41dae2832,0xb1a02aa36e45f49df07831ed9eea03da6fd48696
456,0x2f96470ee99c5513b2c181174ede2a6ba5d00059,0xf99d6aab89363d7d16fe7f034f64a6b6e35144bb
457,0xb40a01fce4b94a1a52d76ebc960ea6a030e91928,0x4e398fe7e44fe661e48eb3b0fe3ac3be64175c93
458,0x0fd4828b26bd14ad258c8b92378b2f5bf333d0d4,0x19df342cce6fae9ba0eaa023ed1d2ce962b02b89
459,0x46a18d3c978d8efdc2c338095b0dd881a9b19ddd,0xc3437daeb85e61b7eec0842f13f40f1520983c38
460,0x9ea20879c7d44c3147b24effdc72577bc36aec17,0x30aed6040d587546bf66d7f3ccc49b9f7b615eda
461,0x8611b6741c1a8ef4be5ed974f57ae52a322e8107,0x171762422c1206fe6a46affc18e4376182c591e2
462,0xc1a2a74260dad2becf1ce5d710f304688620ccf6,0x66499747aac75db2ac5bb10d4ca34dd5e5a8f2c1
463,0x88ae4d8008c146bd3b6b47ee34f97b5b021e53c4,0x99982521333fd4e5f6bf6310a164b99d3415f5a3
464,0xd81f5703de0b117740d4cb4c4ca0c71a89886f06,0x4f383c754fb9d093739d81a1e9ebf74ded537286
465,0x6ed67f7c3a301479318c65d7b28d7bf292314d86,0x774b56b52badcfec5289d954a0e312fb2ef5d2d9
466,0x7e6f492c76c663bf4e249b750a2be80153dd5b92,0x28a04b22ae898a3de88ba6d406b4517348730d09
467,0x1994dca00a58356750d79a144291221b9d8ed422,0xefcb1b2fab4d4d311cef4ebffef98e819006e19d
468,0xa097d71baa9eab44704eea9ff01081dffd1b8e56,0xd619c6ba24bd6e1f2939b79984870707a2732bcc
469,0x361549ac68becc68674e1cd732acf4416f9a8123,0xd4d7697b8fa2f87c2ab5c0a7e345bed572cc8dc0
470,0x2d0acab63b07fe8c0c27fa3c26badc28c8431f06,0x455313a70ff4a7b6f551c81bab3e1a7f3f024347
471,0x4fa3427924e8d79159f0b7e8cf4fd37bd82817c5,0x0c52deee76b976a61bf109b1d637cce75ae4c56a
472,0xf0d324ce262394121cb15d80a0ecc7c65f1af898,0xd7902a3e4f7797bfa5d5b06c2344d468aa1007d1
473,0xc28071d4efceb96d4f6338b55f7421876264314e,0x116142de085528f5306fdc1a6f16d4040d811030
474,0x40e55ee4630c1153753d3b4eb502b1fdfb292dad,0x06e644b4111091420ecc04457e5a8fc836fdf61c
475,0xc0eb02d8dd8d07f5fc724637607d707932fed0b2,0xcb6ad0467a5a645026269d603f2110a37d2b114c
476,0xe2c7029024821111b2a097706ba64ad26f940fc0,0xc3f193618f6b2a651147c5adb6c104a10c2541c0
477,0xa65a21d4c5e983dc2bd08d13ce9d83b23928bab1,0xccc6b1e753eba473522089dead2ff03da4dce9ef
478,0x3bd9a644f8e7c13cb579280fc357a61d4fcbd646,0x70053ba69e3f1ac9c094bbd6ed5c208f07e9691f
479,0xbbb732dd9b70a4a8d63741e16f6bc6fe61c4a16e,0xed6c84d8b0442e1df65f09af0288f78c347d9534
480,0xdde462c23689c8ef869b71bd24c424761713840b,0x776d70de9fce9812f2011d805c7811bcf344f3c1
481,0x3839d6d7868fb28ad7263570699b67253aa7687b,0x1a1d85e1c79476c417c77ac1eebe399ce7847183
482,0x37d15316a5bc7e7b80b3385923844f08390f319f,0xaade128748794f4e7cf7b017de78a8fcd2fec1fd
483,0xb28871c49b2cc38246dcaf38609a3eacebf14377,0xf3eb7d65cd8c2caa736dfe56e8be73ac3b4391d0
484,0x750ebc88a87e41c0b0775a298797c90da03e7721,0x2a9804e8a97135ee93d16d35f65a640fbb7ec379
485,0xcdcd0c8906b7ebae781b86d96f90a298d4cd50cf,0xb4bf4f6e19ea74ef3fa24f72e40089c7e910965e
486,0x2162717030c26e3aafc923085cc60aa222861a57,0xef26881d0582c2494bfce2e422f47e55dd0e8385
487,0x322935a3edd759c3f500291610976e3dd447bb23,0x4527b294655a0d37fb9bab897e736d0e7a7cc789
488,0x357221961881e41eca8a5200bc15731ee9d5ac0f,0x95abf4a8debeb7094c5dc632925689d06ebfe470
489,0x7aad155c3600f5df324d0f58eb6455d8dd3bdbff,0x3d6ea919695f44dcac3f8a658a7225ae3eb5ddfe
490,0x2a65e7dc254177899077a2e82dc4868129a6a70a,0x408c07db9a75630aa84dbe3856b17527caf2ec3c
491,0x5666b523a84e8ce470ffd0a73ec0fe60f3405d86,0xc08b18a945fc80cf444436905cfa55af69f4b104
492,0x0eb04e480e21fad0a9e8415f8002b2dd96cdcdc1,0xd0584fde79b6d3204412df3c34559672d5c0e2ed
493,0xbfa1806c396cbcde6a85c8228dd6bc171f94472a,0xd93e965541a614bc214db01591ec7a8eb0f5ba1e
494,0x8f89ddca1a50281743a0b860ac5d29b99a59b93a,0xf31dd477136fcc69da9d17276f00c378eace18cd
495,0xf20c71e1525eab3ca137fbd31052da0d976bb204,0xab522518ea2c43137318d767bbf26773a96f73d6
496,0xf58ce1055d053f33f533a8998b67bcc3eb089008,0x8f2c91b75f2eb5c51425536a9a9bb7deb2ed7cd6
497,0x6205e94dc5b46ba6d15751e8dd41d2d9f26dfdc6,0xf3e8cece358d01e743938ed527bc86928b4ae72b
498,0x1aa95840df3bd3ddf64d7e35a2d8a6bb03ea9933,0xa8c9cb8db6d5a5288d45cade8ea6b0ab02ad1b31
499,0x07aa4e15d4ba07a29aedf123d25ec001f7333b40,0x57a16e6c3747333c26442ed77bb5d56659ce34ff
500,0x3d5950b76f29d2d9069329aeb34f9e4e0a86621f,0xeb2788e9dc00ed66e3e08d9e135b6e92c5b310a4
501,0xd7a543a282e5fc0c332c63c17572f3a556f72d80,0x04bc7d1f3bae8a88ea033f7298a297d421be2765
502,0x3f1d23927ce046cc4a98a9142056a356ec8d3e6c,0xfe67efbdbc93057846fcbeac563a764349055545
503,0x65ff61df04aa93823ed9b5cfeae65b0092025392,0x7e6bfd05de1e5b0f2a9abe89b2a38c8e97996591
504,0x731078e8a243ca563caf4b5749736df3de2f1eb2,0x078061dd800bb8c831013ba7a1d949cc090bce77
505,0x67bcdedad89877de1a0b7af88cc378102afa3b8d,0x6b1b2a8c323ca0d3bc749270b902b1ccf59d6856
506,0x71192d51e0360f11380e846dbdaa909ca3b30eb1,0xb37bae9555184e59b2c7590d167abd4b22474679
507,0x863bf94a36c1aa4bc7e64bcb276b5978dcbc2afa,0xcf2bf980d7b83602b716a3d5bfc7b7b01ecc3be8
508,0x86ce1444206c1ff23e9b7e93965be2f983456bf3,0xf8d63879cd2ef3bd96490de88953ce16062386b9
509,0x7123f4096e48db85795feb2a14af97acdc4135f7,0x4331979f97ba37f89315ce7cb0807d6d4446eb82
510,0x48b9c473bdbdd4f712c08c2cdc627145a8749318,0xf46325813daff0a5af8ce7f2ad3f46b00adc6146
511,0xcb5a1856c7d88f88525eb76308e1d260bc582332,0xa7eb531d3af6d33e378994f140e9697072c1e954
512,0xceb43e7ba388b1ccfb9192c00ccff32f9d161b4c,0x218d1e7484f071d043cde4ebdb71887bfd0ecbf9
513,0xe738b01337a392f2fb7d737d4eba01c9b5715a47,0xcda0c01869f8dde3e2f769866ccc00d0e72f2f5d
514,0x8278a039ff87b452985f067e8bc1b47cd5f8dc19,0xa6950f1d19b930c36c5c3c3d2d6e81b4c5949ba3
515,0xa9c404085a45cbf0410807a9c7069cc4f9e9f1fc,0x3a35cfeb434fcaacb5432fcc10a3551f6fadcb33
516,0x2eb4598ba3f1ae06cfeb1dc8ca1221882549577c,0x858b56d5c97ef2f1254c542fa3825fc446ffc706
517,0x05db1185b7017a581119371ed81552715897ac93,0x69a3fb7aad39e831d6fc5249c78b1c0df6082ddc
518,0xdf789af6c2c5fabac76f9bc4144e3bec468909cd,0x160a29508884fdb7f2bbc3d583dcc665e880bb33
519,0x4de59b8036a83c92d0eaf320885d287762a7fc51,0x573f41bdd1ea7a4948a63d99cabd86294aab44b2
520,0xe57ee7195a04847692f83cfe6ee2ccbf13781135,0x00be960ef9ccd3bd794a7b8664be62d0c138a044
521,0xa2ae83f37ec4c870ec4fb22f148b6c003363bbc0,0x298c21de6b3bd9ce82203762a4e568c6e4673c18
522,0x6b57885e118525ac8966ae9356b56f409272c0fb,0x00eb1fd88be753a5b5954bec5e8bba08ef5b60c2
523,0x06f29203e847923016a396a1e61a7b8915ad38b8,0xfc19dafa581a35baa3392c51fa3b35bd038e890d
524,0x57b31b75684783d1adee6f2da8437a9ae45adb92,0x4b82541f3a6fe80ee238b63aa7ddd5b21015580c
525,0x88f9460ab2e1b27c59e043ed58b8b96626bbccf9,0xb2d93b33a6bf43752f4f3bbd70028dccd179d324
526,0xd45c2547935eacfc85423a4aff4e1c04bf4958b5,0xabbe1595a9651811d0c62692df32204934f2e7c4
527,0xa6a5e8a9cf27de2fa89b5951ed64458c0992220d,0xea218b7f194416326ec4391677237d27a45e7c5d
528,0xfd342e42fe0f57495f55fe765e6dd96341cfc79c,0x83a234b6712a7c71efff643be0901c85cb462953
529,0x679b0c17c291cd998a96b2060994db47ae1b2cde,0xf4b4d5043fe68dfcd3f6213be0ccb3cd3befa323
530,0xa91891274523cd4033ef8c793fc609ba5f694bb5,0xaa5a847b323bcc9e00e693d6802ead8d136c1568
531,0xa73d4b053ecbad1edd66ef51ddab55ddf9789b35,0xdf1e4aafff90c9505872cca0b80bf696c283acf0
532,0xfccd5124ba8dbb95a930878d56f5953975f1bd8e,0xd6d61a52f230cc754e5e35f1b64ce227060056dd
533,0x2c119533b9ad33c7a8af739ee663b07746a174fc,0x7f6abdb05835a4939bf57e935a50c7774987adbd
534,0xf9d19d0b75b593dcd3dec4da09f4dcbba7b264a6,0xcbe8f58e541986e77bb42b3fd7b466a991d208d5
535,0x9c695e70ffc38c99817bc404b5c4715fdf642303,0x9887b5e39006d7bd55c7f98171ff7b358eb2d3ac
536,0x2de9ac09c57a6c36fd0bb5cb3381d327287a5abb,0x8a8a51b3e9d0bd197a0a1ede78583a4b726cc55c
537,0x1d31937efd479f7f149341e1eb138bdf3a63bb74,0x1431a94f525f98a3df3f8119461e4d8e5b8d31e2
538,0xf229c0f9e59a1cce8a2bc57a3b46bcc5dd66eb5b,0xd541f8b3b7ad2a8bf5a55b9cd115ecc89e03ba54
539,0x12a56a70c2a297f05119dae324ecd30933535157,0x44ad3871c481844ca7bf3601d952171d30129523
540,0xb2d2c2b5bf4b5a0f80e8985fb755beb5f0a8f661,0xfbd38ed01891605f0db649a3a0b115f577b1a7dc
541,0xb7d1a6765983c2cfa4302f0eca7b21c85d0333ec,0xb305e2e8dd0101cd86359890c349ece271e42d97
542,0x1f40d472bf77c914842ac78cd0b1238177862a17,0xffe277659071802632d6f6ed9c91f30c2789bb19
543,0x163b32f4dd8e1ff9ddc4129f0abdc487544f880a,0x2b04f8a837a58917aefd63a35347a18f88f16c16
544,0xc2ccfb63c485952e0347e1f6ef4b8cfc784ed058,0x901a234f268473a9374f348019b69fdc75b28717
545,0x446cdf25a8a0953d38d2dc0a9fb53ad3fb7e8425,0xf49b62a0029417e8481a0cca4a4dd7d59e4b1d5c
546,0xef6703935a40a76720a5a749a69ea8bb97fe5580,0xde6df676469e68babb00d9d37c2f19cc31b88bb7
547,0x04c6e4c0ecfd42f524a1d38ad75b2b2175821ba5,0x7e7c195a005f18febf75907255890c1cb6ddfe1a
548,0x5140135121f76e64fb9d215eb0ada6f5af2a9a6b,0x76cbfacca91ca26d4290276a2e4964b6a80bb899
549,0xd2b440d55fa423ffbc08e1a31c08108199853699,0x28caf3f5a7468b58be2d6aa2cadd8453cdeefd9d
550,0xcd4875bcd72e63565c833f08f7de28bd3e8bdcbe,0x262b58949dfcf66ef906106888c8dddd9c75c3b7
551,0x894914550201622e13b16a7a38cd4044e21dcab6,0x320decf7d6a05a61f8ea09ad76e78c918d7f0ed0
552,0x2219881543ca14d8844dc1c00c9dc62973a877d5,0x098c9a274cfe40917c6860c2e2d3180213dfa9c6
553,0x0c42174de17a0dfb4bab126213bd998e5ea393a9,0x0b4bb646d7ecc5f33755a871b2b56021051055c3
554,0xe037d8d6c3889fa6a90823c2566981239fff9e95,0x67fc07508df26c0afc5c241ec3fc6adad5c631ae
555,0x68e86c86d288927df29a06a6640dfc1662a540e0,0x67165f827ae37c2dbe78d742286adf2083b3f263
556,0x899f6c10ebfbf871685e35f4c7a244b9211b412b,0x8ecad6e2b3880cc9c2653d8e4740a890b2731949
557,0x9fc260a0beed7b2a725cd010741a23e19718ab09,0xc2a985929b41d2d6dbeb9888b58ddfc3b929790b
558,0xd4f174888c6163e2531aca4e66aab0a1d4d01c37,0xbd0e0a3a5505b698bfbaa0d5cf746ab1b84d4198
559,0xa65681c77f3188415fe46c73d08b72a9de11c314,0x8e52b10ee4c413c372d12e7c95346379a874aad7
560,0x2c4ed3e2db1c75abc0785904fd27bb5e4198e961,0x9f0c7df4504206b32f8f290c7688c315cb972716
561,0x6d3dd39b1e48e979d7e743aabc5dff417cfbbdb7,0xffd25b28b5bc12f53f0584bb2c965903e5f366a3
562,0xc31003b38d6f949987e2d2becc7c64c0be32dc2e,0x45e48890733c166933e5724d51c972629ae84131
563,0x7f01e18ee3ffaf0fa2fe49330596272760e363b8,0xfd2dfdd4f17d54b6b28de9f1fe0413237eeb558b
564,0x3e918e6f4dec229b7610e4df99105460ca3d03cf,0x8bb95bf546cf06e6a8c2eed5faec4e9e993d354b
565,0x9928d72f634015ae00112ba514e86e619f1a7d2e,0x322202705725a1e9ff61e0211d1494e1d56986fc
566,0x95f9c9aad85567925f9cd27a6f33f1b9dccc3b26,0x2ca17220d10f5030799c46c33794bfdc22cd69de
567,0xdac837e91b4502abab4cf3038bc38af32872703e,0xbb7b4fe819c1008352a933616213db897a71b026
568,0x8c23b708f5bf32b4eaf2dc7a1c89d6d5922c11f7,0x7fd17aa8b346bfbcea7131c4f9d1dd36d799e19c
569,0x1f105931be2d040e42c30dac9992cb0b80cb6728,0xfdd718fac4bbcd0a44380a7878372876398c097d
570,0x3cfcaf3d3e472e7dacf71bb93d82f5377655647d,0x58e07d0705c2ca6e3ec2dd5231afed40a897c7d6
571,0x155918cfecd2d22617f72352cba7f41d6932a85d,0x9974776cd4611bd3d4f4870d7888888fb59d7f92
572,0x87f5beb9fb97511e8575888b8ca559cf0cffa596,0xaac33461696d83a7ff738628f67968071a038e74
573,0xd2ee0d7e391cb08c7306e0b5cccad8a100454486,0x5619bdc95cbf542aeae01599ebe190e851f9f92a
574,0xfa751ac45c5de2f5b595734eb2053d8ab4fa4c71,0x21ec88ec453a5da53d61a53a9fe0a4fe682c6205
575,0x9bc3a3c604fc93c7c8488b1cd3965278dcb5e104,0xedba007d9545a5b7a97f7045de90e1e0970da4e0
576,0xadb804fb5b0d01b0dfc573422123757e767a0b86,0x7fcfa62d540dcad7aa7b5b5d3f83ec920d46dcf3
577,0xb2db7c391e5dbb00338fc6e961772d4e4d447baa,0x5968be1320e1d0413506e53c46d99d4bd78099db
578,0x3e229c372e78ed9702c7884fe34b2c150a1af6f3,0x0ba202724404171eb6c1629e921ff0e258e1fd83
579,0x41138065a15ec3ceab6e188acb249ef589ec572d,0x93833489aed702fe2c209082b40c36dba3934aa5
580,0x011b123689dc151a92949848a1d1fed5823fba71,0x6c42cfaba9b21311b540a5ce36e650dd0d1498a6
581,0x6b950ebd6a9a5a7aacfccd74e21900b30d0c1fed,0x31f49a7925095d0e7827328c9ac6b8b68c0b0c01
582,0x537eb0fff9efbe45f9f4dd9e77f40245ee682444,0xcc9daa767fe93c6909a43b519b5245b5f976554f
583,0xd216992a34d78e2c0eb95d05cab509318ed7b18f,0x6f9021d19da0c39664a4d4012e8972f822e724be
584,0x35712bac5a759299ccab89e10ac70a7e0b8eb188,0xeec59bfc840e4ef124b8b9df672ed93f571efa83
585,0x23feb9afb2d712906bb064043d3a4f8bc6c4b909,0x87e99a9943a704db75d12ac362f329ee2d7f8fe3
586,0xb5210f6cfe935dfcfc90d922b549a3be238ea14a,0x565f7a3fe469d5eb19cc30266255875204e81edd
587,0x3edea59cf29cf31bff1293090a6772f0f2777777,0xb3402be4a9ef5d3bf43bdca9d58d4203d06b7e3c
588,0xbde52e48b38381a9debaf8777a59f99b5b08e38d,0x078579a066813424a3963ddc8767bd6e852c952f
589,0xa18d4b6f984371e8b91957b64cdce6fc56a2b870,0x81c5bccc7d61b1cc0751c23927da1ceb38cd161a
590,0x1a9cb0ad0dc09ade33901aae131a4bf5b10ffda6,0xa000978881985d397933c38e001947707ffb77cb
591,0x8f38e1943d183f471a20a0e0fdcaeb7b2f92fbdb,0x9651f908925f8c28fb6fea358722dea0721b905b
592,0x9fa7400cc7215667255ff65de8763f44cd7bfe28,0x08300f2c36bc1a497ed424f142a49795bc7d1970
593,0x99da545bc49888f2c01201fe4fbfbcf211a85594,0xa7db066105ddd8c43d7d84c53697d85c91da2616
594,0xc0c93d193aadbe77003635a89f13d2f8361b2b98,0xacb00d6f59c940678c39cfed7b23fa2073b757bb
595,0x351e3dd61e6aa2fad0077bb55930c97d0c19e3b2,0x9ae452e5bd703f0fe1afc79776137b38024d4f2e
596,0xbaf0a39b9578c6dcdeb9544f460dc2e404f72630,0x58ccad1a905019eadb0be20a170e93fe5fd3151f
597,0xc3ae1d88a2403fe43795fa0a7a7e1b567e6faae6,0xb16982238444d395f6c3e1b6a5f79c47e45eacb2
598,0xf6641fd56356a32efe5d0f2858b01f98eb190ee1,0xf6a28bd77a3e1bafcc2c1471914ba5a721314ab6
599,0x72d8571ea34089d0eea075984fa982f954c6995f,0x1b94e32564e57aed401e439398499340d14d3003
600,0xb0795be3f1d25004e5afa398801a4a865ba950e1,0x7d1b654530a02c79e527b9c15db4c15660056f3d
601,0xbe71339d6cd920e026d4ff2af08323f26ecf776d,0x09b584dc2225c080e44b458d85d59080f935cebc
602,0x1b59f33bd73ade5302b1bd89b1a7ff29c603d41e,0x83a12567a19d1133078e482e895ef395c4868f17
603,0x3351d036b0a23f198104a5b4f6b3824f2477620a,0x00313aecfd3159761ce79e7863250a490c451a19
604,0x4d4f1c146ae57bfde6083195eeb83e11416bf375,0x100c7d5c4bbe352947ccbfa7a5cf68d532c356da
605,0xca9c02ba7c4dfebf57f5748adc5702b693018488,0xa55eb8079c3de3c7d1d1ac8ef3c5268b6a1ee1b4
606,0x9d65c004f75bf16456f727103a7b49dfbfd86262,0xab71b08c7e1989f967cf7226ccd2a46e99999999
607,0x106f8b209e235b42f9b5f52bdcd179d09c78d4f7,0x9c800491a19a5e63809beda46af839809116881f
608,0x6600abf53fd9173c69d971fe51aadfafaefed2ce,0x3632293832b7a8433f3a4634e74b3f83a3e90e28
609,0xa83e47a16aeb18535aba2cb4735acd5354dc35ea,0xdf05889c14b31377520e005a32e0b65a3300fa42
610,0x43ba5874acb5042fc20dcb1fc3598277dcc3fdb6,0x74b83b58ddc7a5c088d4c3cc99016d044cae0dc4
611,0x0e5866be71793220c1acea3eb7eda801f11c3ac3,0x32c08b3a74f5d96165065aa50176d084368aa6e5
612,0x3dd383d152f59ab20161582844bebea9120fccac,0xd429885189565fd29e40334e751f9cb92ffde119
613,0xc6b80675240fb066809dcac0ef8605b41b256fcd,0x1976d2b623cdb475f6da0a97b128adc3edb0ff51
614,0x77e2ec17958cd25dae2ec3a93fae0d20f229729a,0x21e933ccefc74fbcec0e9e37264ff2d9f3087c36
